doc_id,cluster
DOC_00001,2
DOC_00002,6
DOC_00003,6
DOC_00004,4
DOC_00005,3
DOC_00006,7
DOC_00007,6
DOC_00008,2
DOC_00009,2
DOC_00010,2
DOC_00011,5
DOC_00012,1
DOC_00013,7
DOC_00014,7
DOC_00015,2
DOC_00016,2
DOC_00017,2
DOC_00018,7
DOC_00019,2
DOC_00020,3
DOC_00021,2
DOC_00022,7
DOC_00023,2
DOC_00024,5
DOC_00025,7
DOC_00026,3
DOC_00027,7
DOC_00028,7
DOC_00029,0
DOC_00030,2
DOC_00031,4
DOC_00032,6
DOC_00033,3
DOC_00034,2
DOC_00035,3
DOC_00036,3
DOC_00037,4
DOC_00038,2
DOC_00039,6
DOC_00040,5
DOC_00041,0
DOC_00042,3
DOC_00043,2
DOC_00044,6
DOC_00045,6
DOC_00046,6
DOC_00047,6
DOC_00048,4
DOC_00049,4
DOC_00050,3
DOC_00051,5
DOC_00052,6
DOC_00053,6
DOC_00054,2
DOC_00055,4
DOC_00056,2
DOC_00057,2
DOC_00058,2
DOC_00059,6
DOC_00060,6
DOC_00061,3
DOC_00062,5
DOC_00063,3
DOC_00064,2
DOC_00065,2
DOC_00066,3
DOC_00067,5
DOC_00068,5
DOC_00069,6
DOC_00070,6
DOC_00071,6
DOC_00072,4
DOC_00073,2
DOC_00074,0
DOC_00075,2
DOC_00076,6
DOC_00077,4
DOC_00078,3
DOC_00079,4
DOC_00080,6
DOC_00081,1
DOC_00082,3
DOC_00083,4
DOC_00084,4
DOC_00085,2
DOC_00086,5
DOC_00087,3
DOC_00088,2
DOC_00089,2
DOC_00090,4
DOC_00091,2
DOC_00092,3
DOC_00093,6
DOC_00094,5
DOC_00095,6
DOC_00096,0
DOC_00097,4
DOC_00098,2
DOC_00099,4
DOC_00100,3
DOC_00101,5
DOC_00102,6
DOC_00103,2
DOC_00104,5
DOC_00105,1
DOC_00106,2
DOC_00107,2
DOC_00108,3
DOC_00109,2
DOC_00110,6
DOC_00111,0
DOC_00112,6
DOC_00113,7
DOC_00114,5
DOC_00115,2
DOC_00116,2
DOC_00117,2
DOC_00118,3
DOC_00119,3
DOC_00120,2
DOC_00121,7
DOC_00122,2
DOC_00123,2
DOC_00124,7
DOC_00125,2
DOC_00126,2
DOC_00127,5
DOC_00128,2
DOC_00129,5
DOC_00130,7
DOC_00131,5
DOC_00132,3
DOC_00133,7
DOC_00134,5
DOC_00135,4
DOC_00136,7
DOC_00137,2
DOC_00138,2
DOC_00139,3
DOC_00140,5
DOC_00141,7
DOC_00142,7
DOC_00143,3
DOC_00144,2
DOC_00145,4
DOC_00146,1
DOC_00147,3
DOC_00148,2
DOC_00149,6
DOC_00150,0
DOC_00151,0
DOC_00152,2
DOC_00153,3
DOC_00154,4
DOC_00155,2
DOC_00156,2
DOC_00157,6
DOC_00158,2
DOC_00159,3
DOC_00160,6
DOC_00161,3
DOC_00162,2
DOC_00163,6
DOC_00164,2
DOC_00165,6
DOC_00166,3
DOC_00167,5
DOC_00168,2
DOC_00169,6
DOC_00170,6
DOC_00171,4
DOC_00172,2
DOC_00173,6
DOC_00174,2
DOC_00175,4
DOC_00176,4
DOC_00177,6
DOC_00178,5
DOC_00179,5
DOC_00180,7
DOC_00181,7
DOC_00182,6
DOC_00183,0
DOC_00184,2
DOC_00185,2
DOC_00186,6
DOC_00187,6
DOC_00188,4
DOC_00189,0
DOC_00190,7
DOC_00191,0
DOC_00192,2
DOC_00193,7
DOC_00194,7
DOC_00195,2
DOC_00196,2
DOC_00197,4
DOC_00198,6
DOC_00199,3
DOC_00200,2
DOC_00201,2
DOC_00202,2
DOC_00203,5
DOC_00204,4
DOC_00205,2
DOC_00206,5
DOC_00207,0
DOC_00208,6
DOC_00209,6
DOC_00210,3
DOC_00211,1
DOC_00212,4
DOC_00213,0
DOC_00214,6
DOC_00215,1
DOC_00216,3
DOC_00217,0
DOC_00218,4
DOC_00219,6
DOC_00220,7
DOC_00221,6
DOC_00222,0
DOC_00223,3
DOC_00224,4
DOC_00225,7
DOC_00226,6
DOC_00227,4
DOC_00228,6
DOC_00229,6
DOC_00230,5
DOC_00231,3
DOC_00232,4
DOC_00233,2
DOC_00234,4
DOC_00235,4
DOC_00236,6
DOC_00237,2
DOC_00238,3
DOC_00239,7
DOC_00240,4
DOC_00241,3
DOC_00242,2
DOC_00243,2
DOC_00244,2
DOC_00245,7
DOC_00246,3
DOC_00247,2
DOC_00248,3
DOC_00249,2
DOC_00250,4
DOC_00251,6
DOC_00252,2
DOC_00253,2
DOC_00254,5
DOC_00255,2
DOC_00256,2
DOC_00257,6
DOC_00258,3
DOC_00259,5
DOC_00260,6
DOC_00261,2
DOC_00262,2
DOC_00263,5
DOC_00264,2
DOC_00265,2
DOC_00266,2
DOC_00267,2
DOC_00268,6
DOC_00269,2
DOC_00270,6
DOC_00271,2
DOC_00272,5
DOC_00273,5
DOC_00274,3
DOC_00275,6
DOC_00276,5
DOC_00277,2
DOC_00278,4
DOC_00279,3
DOC_00280,6
DOC_00281,7
DOC_00282,7
DOC_00283,2
DOC_00284,3
DOC_00285,7
DOC_00286,5
DOC_00287,2
DOC_00288,2
DOC_00289,7
DOC_00290,6
DOC_00291,4
DOC_00292,0
DOC_00293,2
DOC_00294,2
DOC_00295,2
DOC_00296,1
DOC_00297,7
DOC_00298,7
DOC_00299,2
DOC_00300,5
DOC_00301,2
DOC_00302,2
DOC_00303,2
DOC_00304,3
DOC_00305,0
DOC_00306,2
DOC_00307,5
DOC_00308,5
DOC_00309,3
DOC_00310,7
DOC_00311,6
DOC_00312,5
DOC_00313,5
DOC_00314,1
DOC_00315,2
DOC_00316,5
DOC_00317,3
DOC_00318,7
DOC_00319,3
DOC_00320,0
DOC_00321,2
DOC_00322,0
DOC_00323,5
DOC_00324,2
DOC_00325,3
DOC_00326,3
DOC_00327,2
DOC_00328,3
DOC_00329,2
DOC_00330,5
DOC_00331,7
DOC_00332,2
DOC_00333,4
DOC_00334,2
DOC_00335,4
DOC_00336,7
DOC_00337,2
DOC_00338,4
DOC_00339,2
DOC_00340,4
DOC_00341,1
DOC_00342,7
DOC_00343,2
DOC_00344,6
DOC_00345,4
DOC_00346,2
DOC_00347,7
DOC_00348,3
DOC_00349,6
DOC_00350,2
DOC_00351,5
DOC_00352,6
DOC_00353,7
DOC_00354,6
DOC_00355,3
DOC_00356,7
DOC_00357,3
DOC_00358,3
DOC_00359,1
DOC_00360,5
DOC_00361,2
DOC_00362,7
DOC_00363,4
DOC_00364,2
DOC_00365,5
DOC_00366,6
DOC_00367,3
DOC_00368,2
DOC_00369,2
DOC_00370,2
DOC_00371,6
DOC_00372,3
DOC_00373,4
DOC_00374,2
DOC_00375,2
DOC_00376,5
DOC_00377,2
DOC_00378,2
DOC_00379,3
DOC_00380,7
DOC_00381,2
DOC_00382,2
DOC_00383,3
DOC_00384,3
DOC_00385,5
DOC_00386,6
DOC_00387,4
DOC_00388,2
DOC_00389,5
DOC_00390,1
DOC_00391,2
DOC_00392,2
DOC_00393,5
DOC_00394,3
DOC_00395,7
DOC_00396,3
DOC_00397,3
DOC_00398,3
DOC_00399,5
DOC_00400,4
DOC_00401,3
DOC_00402,2
DOC_00403,2
DOC_00404,3
DOC_00405,2
DOC_00406,7
DOC_00407,2
DOC_00408,2
DOC_00409,6
DOC_00410,6
DOC_00411,3
DOC_00412,5
DOC_00413,5
DOC_00414,5
DOC_00415,4
DOC_00416,1
DOC_00417,5
DOC_00418,5
DOC_00419,3
DOC_00420,5
DOC_00421,4
DOC_00422,6
DOC_00423,5
DOC_00424,5
DOC_00425,7
DOC_00426,2
DOC_00427,4
DOC_00428,0
DOC_00429,5
DOC_00430,3
DOC_00431,7
DOC_00432,7
DOC_00433,2
DOC_00434,2
DOC_00435,5
DOC_00436,6
DOC_00437,2
DOC_00438,7
DOC_00439,5
DOC_00440,2
DOC_00441,7
DOC_00442,6
DOC_00443,4
DOC_00444,2
DOC_00445,7
DOC_00446,7
DOC_00447,3
DOC_00448,2
DOC_00449,2
DOC_00450,2
DOC_00451,1
DOC_00452,3
DOC_00453,6
DOC_00454,4
DOC_00455,2
DOC_00456,4
DOC_00457,5
DOC_00458,3
DOC_00459,2
DOC_00460,3
DOC_00461,2
DOC_00462,2
DOC_00463,7
DOC_00464,2
DOC_00465,7
DOC_00466,0
DOC_00467,3
DOC_00468,4
DOC_00469,2
DOC_00470,6
DOC_00471,7
DOC_00472,7
DOC_00473,1
DOC_00474,4
DOC_00475,6
DOC_00476,7
DOC_00477,2
DOC_00478,5
DOC_00479,2
DOC_00480,0
DOC_00481,2
DOC_00482,3
DOC_00483,2
DOC_00484,5
DOC_00485,2
DOC_00486,2
DOC_00487,7
DOC_00488,5
DOC_00489,2
DOC_00490,5
DOC_00491,3
DOC_00492,5
DOC_00493,2
DOC_00494,6
DOC_00495,6
DOC_00496,3
DOC_00497,4
DOC_00498,5
DOC_00499,5
DOC_00500,4
DOC_00501,1
DOC_00502,7
DOC_00503,2
DOC_00504,5
DOC_00505,4
DOC_00506,2
DOC_00507,5
DOC_00508,2
DOC_00509,3
DOC_00510,2
DOC_00511,2
DOC_00512,0
DOC_00513,2
DOC_00514,6
DOC_00515,2
DOC_00516,5
DOC_00517,2
DOC_00518,6
DOC_00519,6
DOC_00520,2
DOC_00521,5
DOC_00522,5
DOC_00523,3
DOC_00524,7
DOC_00525,6
DOC_00526,7
DOC_00527,2
DOC_00528,3
DOC_00529,3
DOC_00530,4
DOC_00531,5
DOC_00532,6
DOC_00533,3
DOC_00534,5
DOC_00535,2
DOC_00536,2
DOC_00537,7
DOC_00538,2
DOC_00539,7
DOC_00540,2
DOC_00541,4
DOC_00542,3
DOC_00543,2
DOC_00544,7
DOC_00545,4
DOC_00546,5
DOC_00547,4
DOC_00548,2
DOC_00549,4
DOC_00550,2
DOC_00551,4
DOC_00552,3
DOC_00553,2
DOC_00554,5
DOC_00555,7
DOC_00556,6
DOC_00557,6
DOC_00558,7
DOC_00559,2
DOC_00560,2
DOC_00561,2
DOC_00562,2
DOC_00563,3
DOC_00564,3
DOC_00565,6
DOC_00566,2
DOC_00567,4
DOC_00568,2
DOC_00569,3
DOC_00570,2
DOC_00571,6
DOC_00572,2
DOC_00573,2
DOC_00574,2
DOC_00575,6
DOC_00576,1
DOC_00577,2
DOC_00578,2
DOC_00579,2
DOC_00580,6
DOC_00581,6
DOC_00582,4
DOC_00583,3
DOC_00584,6
DOC_00585,7
DOC_00586,6
DOC_00587,5
DOC_00588,5
DOC_00589,5
DOC_00590,5
DOC_00591,3
DOC_00592,5
DOC_00593,5
DOC_00594,7
DOC_00595,5
DOC_00596,3
DOC_00597,2
DOC_00598,2
DOC_00599,4
DOC_00600,2
DOC_00601,2
DOC_00602,4
DOC_00603,4
DOC_00604,2
DOC_00605,6
DOC_00606,5
DOC_00607,2
DOC_00608,0
DOC_00609,6
DOC_00610,5
DOC_00611,2
DOC_00612,4
DOC_00613,7
DOC_00614,5
DOC_00615,5
DOC_00616,4
DOC_00617,2
DOC_00618,2
DOC_00619,5
DOC_00620,3
DOC_00621,4
DOC_00622,2
DOC_00623,3
DOC_00624,4
DOC_00625,5
DOC_00626,4
DOC_00627,4
DOC_00628,6
DOC_00629,5
DOC_00630,5
DOC_00631,5
DOC_00632,3
DOC_00633,2
DOC_00634,3
DOC_00635,2
DOC_00636,4
DOC_00637,2
DOC_00638,3
DOC_00639,5
DOC_00640,2
DOC_00641,5
DOC_00642,1
DOC_00643,4
DOC_00644,2
DOC_00645,5
DOC_00646,2
DOC_00647,6
DOC_00648,6
DOC_00649,5
DOC_00650,4
DOC_00651,2
DOC_00652,4
DOC_00653,3
DOC_00654,3
DOC_00655,5
DOC_00656,2
DOC_00657,2
DOC_00658,4
DOC_00659,6
DOC_00660,3
DOC_00661,2
DOC_00662,2
DOC_00663,4
DOC_00664,3
DOC_00665,6
DOC_00666,2
DOC_00667,6
DOC_00668,3
DOC_00669,7
DOC_00670,4
DOC_00671,3
DOC_00672,4
DOC_00673,4
DOC_00674,5
DOC_00675,3
DOC_00676,2
DOC_00677,1
DOC_00678,7
DOC_00679,7
DOC_00680,6
DOC_00681,3
DOC_00682,3
DOC_00683,5
DOC_00684,2
DOC_00685,2
DOC_00686,4
DOC_00687,4
DOC_00688,2
DOC_00689,6
DOC_00690,2
DOC_00691,4
DOC_00692,4
DOC_00693,2
DOC_00694,3
DOC_00695,2
DOC_00696,3
DOC_00697,6
DOC_00698,5
DOC_00699,7
DOC_00700,0
DOC_00701,4
DOC_00702,4
DOC_00703,2
DOC_00704,3
DOC_00705,2
DOC_00706,7
DOC_00707,1
DOC_00708,7
DOC_00709,4
DOC_00710,5
DOC_00711,2
DOC_00712,4
DOC_00713,7
DOC_00714,4
DOC_00715,2
DOC_00716,2
DOC_00717,2
DOC_00718,6
DOC_00719,3
DOC_00720,2
DOC_00721,5
DOC_00722,5
DOC_00723,6
DOC_00724,6
DOC_00725,4
DOC_00726,5
DOC_00727,7
DOC_00728,6
DOC_00729,7
DOC_00730,5
DOC_00731,6
DOC_00732,2
DOC_00733,6
DOC_00734,5
DOC_00735,4
DOC_00736,2
DOC_00737,5
DOC_00738,2
DOC_00739,3
DOC_00740,6
DOC_00741,7
DOC_00742,3
DOC_00743,3
DOC_00744,3
DOC_00745,3
DOC_00746,2
DOC_00747,3
DOC_00748,5
DOC_00749,6
DOC_00750,2
DOC_00751,7
DOC_00752,6
DOC_00753,3
DOC_00754,2
DOC_00755,2
DOC_00756,5
DOC_00757,4
DOC_00758,5
DOC_00759,5
DOC_00760,5
DOC_00761,3
DOC_00762,7
DOC_00763,7
DOC_00764,6
DOC_00765,7
DOC_00766,4
DOC_00767,5
DOC_00768,7
DOC_00769,2
DOC_00770,3
DOC_00771,2
DOC_00772,7
DOC_00773,6
DOC_00774,6
DOC_00775,6
DOC_00776,4
DOC_00777,6
DOC_00778,7
DOC_00779,6
DOC_00780,3
DOC_00781,2
DOC_00782,2
DOC_00783,2
DOC_00784,7
DOC_00785,2
DOC_00786,4
DOC_00787,2
DOC_00788,2
DOC_00789,4
DOC_00790,3
DOC_00791,4
DOC_00792,7
DOC_00793,7
DOC_00794,6
DOC_00795,7
DOC_00796,3
DOC_00797,5
DOC_00798,3
DOC_00799,2
DOC_00800,5
DOC_00801,2
DOC_00802,4
DOC_00803,2
DOC_00804,0
DOC_00805,6
DOC_00806,7
DOC_00807,6
DOC_00808,7
DOC_00809,2
DOC_00810,7
DOC_00811,0
DOC_00812,2
DOC_00813,6
DOC_00814,6
DOC_00815,2
DOC_00816,2
DOC_00817,7
DOC_00818,3
DOC_00819,2
DOC_00820,2
DOC_00821,4
DOC_00822,0
DOC_00823,2
DOC_00824,7
DOC_00825,7
DOC_00826,5
DOC_00827,7
DOC_00828,7
DOC_00829,2
DOC_00830,5
DOC_00831,7
DOC_00832,7
DOC_00833,3
DOC_00834,4
DOC_00835,3
DOC_00836,6
DOC_00837,2
DOC_00838,3
DOC_00839,2
DOC_00840,7
DOC_00841,5
DOC_00842,5
DOC_00843,3
DOC_00844,2
DOC_00845,0
DOC_00846,5
DOC_00847,6
DOC_00848,7
DOC_00849,3
DOC_00850,7
DOC_00851,5
DOC_00852,2
DOC_00853,0
DOC_00854,4
DOC_00855,6
DOC_00856,3
DOC_00857,2
DOC_00858,6
DOC_00859,3
DOC_00860,5
DOC_00861,6
DOC_00862,2
DOC_00863,2
DOC_00864,6
DOC_00865,5
DOC_00866,5
DOC_00867,4
DOC_00868,2
DOC_00869,7
DOC_00870,5
DOC_00871,2
DOC_00872,5
DOC_00873,5
DOC_00874,3
DOC_00875,6
DOC_00876,7
DOC_00877,4
DOC_00878,2
DOC_00879,1
DOC_00880,6
DOC_00881,1
DOC_00882,2
DOC_00883,1
DOC_00884,7
DOC_00885,2
DOC_00886,5
DOC_00887,6
DOC_00888,6
DOC_00889,7
DOC_00890,3
DOC_00891,4
DOC_00892,5
DOC_00893,6
DOC_00894,5
DOC_00895,6
DOC_00896,2
DOC_00897,5
DOC_00898,2
DOC_00899,3
DOC_00900,7
DOC_00901,2
DOC_00902,5
DOC_00903,4
DOC_00904,7
DOC_00905,2
DOC_00906,7
DOC_00907,2
DOC_00908,7
DOC_00909,2
DOC_00910,7
DOC_00911,2
DOC_00912,2
DOC_00913,5
DOC_00914,2
DOC_00915,2
DOC_00916,3
DOC_00917,4
DOC_00918,5
DOC_00919,7
DOC_00920,5
DOC_00921,6
DOC_00922,0
DOC_00923,5
DOC_00924,2
DOC_00925,0
DOC_00926,6
DOC_00927,5
DOC_00928,4
DOC_00929,4
DOC_00930,2
DOC_00931,2
DOC_00932,4
DOC_00933,7
DOC_00934,6
DOC_00935,5
DOC_00936,6
DOC_00937,5
DOC_00938,7
DOC_00939,3
DOC_00940,6
DOC_00941,3
DOC_00942,7
DOC_00943,3
DOC_00944,6
DOC_00945,3
DOC_00946,4
DOC_00947,7
DOC_00948,0
DOC_00949,4
DOC_00950,2
DOC_00951,6
DOC_00952,4
DOC_00953,3
DOC_00954,4
DOC_00955,2
DOC_00956,5
DOC_00957,7
DOC_00958,6
DOC_00959,6
DOC_00960,6
DOC_00961,2
DOC_00962,2
DOC_00963,4
DOC_00964,2
DOC_00965,5
DOC_00966,5
DOC_00967,7
DOC_00968,5
DOC_00969,2
DOC_00970,6
DOC_00971,2
DOC_00972,3
DOC_00973,6
DOC_00974,2
DOC_00975,4
DOC_00976,7
DOC_00977,4
DOC_00978,3
DOC_00979,2
DOC_00980,3
DOC_00981,2
DOC_00982,6
DOC_00983,5
DOC_00984,0
DOC_00985,6
DOC_00986,2
DOC_00987,4
DOC_00988,7
DOC_00989,2
DOC_00990,5
DOC_00991,5
DOC_00992,3
DOC_00993,6
DOC_00994,3
DOC_00995,6
DOC_00996,3
DOC_00997,6
DOC_00998,2
DOC_00999,3
DOC_01000,2
DOC_01001,4
DOC_01002,7
DOC_01003,7
DOC_01004,3
DOC_01005,2
DOC_01006,4
DOC_01007,4
DOC_01008,2
DOC_01009,2
DOC_01010,4
DOC_01011,7
DOC_01012,7
DOC_01013,2
DOC_01014,2
DOC_01015,3
DOC_01016,5
DOC_01017,3
DOC_01018,3
DOC_01019,3
DOC_01020,2
DOC_01021,3
DOC_01022,4
DOC_01023,6
DOC_01024,5
DOC_01025,6
DOC_01026,4
DOC_01027,4
DOC_01028,6
DOC_01029,6
DOC_01030,4
DOC_01031,7
DOC_01032,4
DOC_01033,2
DOC_01034,6
DOC_01035,4
DOC_01036,6
DOC_01037,5
DOC_01038,5
DOC_01039,6
DOC_01040,2
DOC_01041,5
DOC_01042,2
DOC_01043,5
DOC_01044,6
DOC_01045,4
DOC_01046,2
DOC_01047,4
DOC_01048,1
DOC_01049,2
DOC_01050,6
DOC_01051,7
DOC_01052,3
DOC_01053,2
DOC_01054,2
DOC_01055,7
DOC_01056,3
DOC_01057,5
DOC_01058,5
DOC_01059,6
DOC_01060,7
DOC_01061,7
DOC_01062,2
DOC_01063,2
DOC_01064,2
DOC_01065,2
DOC_01066,4
DOC_01067,5
DOC_01068,5
DOC_01069,1
DOC_01070,6
DOC_01071,4
DOC_01072,4
DOC_01073,5
DOC_01074,6
DOC_01075,3
DOC_01076,5
DOC_01077,2
DOC_01078,7
DOC_01079,4
DOC_01080,4
DOC_01081,2
DOC_01082,4
DOC_01083,0
DOC_01084,4
DOC_01085,6
DOC_01086,4
DOC_01087,5
DOC_01088,3
DOC_01089,3
DOC_01090,2
DOC_01091,2
DOC_01092,6
DOC_01093,4
DOC_01094,7
DOC_01095,3
DOC_01096,4
DOC_01097,6
DOC_01098,6
DOC_01099,3
DOC_01100,7
DOC_01101,3
DOC_01102,6
DOC_01103,2
DOC_01104,3
DOC_01105,3
DOC_01106,6
DOC_01107,6
DOC_01108,6
DOC_01109,2
DOC_01110,4
DOC_01111,6
DOC_01112,5
DOC_01113,6
DOC_01114,4
DOC_01115,4
DOC_01116,2
DOC_01117,2
DOC_01118,5
DOC_01119,4
DOC_01120,4
DOC_01121,6
DOC_01122,2
DOC_01123,3
DOC_01124,7
DOC_01125,2
DOC_01126,4
DOC_01127,3
DOC_01128,2
DOC_01129,7
DOC_01130,3
DOC_01131,2
DOC_01132,5
DOC_01133,7
DOC_01134,5
DOC_01135,0
DOC_01136,1
DOC_01137,2
DOC_01138,3
DOC_01139,4
DOC_01140,6
DOC_01141,4
DOC_01142,5
DOC_01143,6
DOC_01144,0
DOC_01145,6
DOC_01146,5
DOC_01147,2
DOC_01148,3
DOC_01149,6
DOC_01150,0
DOC_01151,6
DOC_01152,2
DOC_01153,5
DOC_01154,5
DOC_01155,6
DOC_01156,7
DOC_01157,6
DOC_01158,4
DOC_01159,2
DOC_01160,5
DOC_01161,4
DOC_01162,2
DOC_01163,7
DOC_01164,6
DOC_01165,6
DOC_01166,7
DOC_01167,6
DOC_01168,6
DOC_01169,3
DOC_01170,7
DOC_01171,2
DOC_01172,5
DOC_01173,4
DOC_01174,6
DOC_01175,3
DOC_01176,7
DOC_01177,6
DOC_01178,2
DOC_01179,7
DOC_01180,3
DOC_01181,2
DOC_01182,7
DOC_01183,2
DOC_01184,7
DOC_01185,2
DOC_01186,5
DOC_01187,4
DOC_01188,5
DOC_01189,4
DOC_01190,6
DOC_01191,4
DOC_01192,2
DOC_01193,4
DOC_01194,6
DOC_01195,0
DOC_01196,6
DOC_01197,6
DOC_01198,2
DOC_01199,0
DOC_01200,6
DOC_01201,6
DOC_01202,4
DOC_01203,6
DOC_01204,2
DOC_01205,2
DOC_01206,7
DOC_01207,2
DOC_01208,1
DOC_01209,6
DOC_01210,4
DOC_01211,3
DOC_01212,2
DOC_01213,2
DOC_01214,5
DOC_01215,3
DOC_01216,4
DOC_01217,5
DOC_01218,2
DOC_01219,3
DOC_01220,7
DOC_01221,0
DOC_01222,5
DOC_01223,5
DOC_01224,6
DOC_01225,7
DOC_01226,5
DOC_01227,6
DOC_01228,4
DOC_01229,2
DOC_01230,3
DOC_01231,2
DOC_01232,2
DOC_01233,6
DOC_01234,5
DOC_01235,2
DOC_01236,2
DOC_01237,2
DOC_01238,6
DOC_01239,4
DOC_01240,3
DOC_01241,3
DOC_01242,5
DOC_01243,4
DOC_01244,2
DOC_01245,4
DOC_01246,1
DOC_01247,5
DOC_01248,2
DOC_01249,4
DOC_01250,3
DOC_01251,2
DOC_01252,4
DOC_01253,5
DOC_01254,1
DOC_01255,2
DOC_01256,6
DOC_01257,7
DOC_01258,2
DOC_01259,7
DOC_01260,3
DOC_01261,6
DOC_01262,4
DOC_01263,7
DOC_01264,7
DOC_01265,3
DOC_01266,4
DOC_01267,1
DOC_01268,5
DOC_01269,6
DOC_01270,0
DOC_01271,4
DOC_01272,4
DOC_01273,3
DOC_01274,4
DOC_01275,6
DOC_01276,3
DOC_01277,5
DOC_01278,4
DOC_01279,2
DOC_01280,0
DOC_01281,5
DOC_01282,2
DOC_01283,7
DOC_01284,5
DOC_01285,5
DOC_01286,3
DOC_01287,2
DOC_01288,4
DOC_01289,2
DOC_01290,7
DOC_01291,2
DOC_01292,5
DOC_01293,5
DOC_01294,7
DOC_01295,2
DOC_01296,0
DOC_01297,2
DOC_01298,4
DOC_01299,2
DOC_01300,6
DOC_01301,3
DOC_01302,0
DOC_01303,3
DOC_01304,3
DOC_01305,4
DOC_01306,4
DOC_01307,2
DOC_01308,7
DOC_01309,7
DOC_01310,4
DOC_01311,3
DOC_01312,0
DOC_01313,2
DOC_01314,2
DOC_01315,4
DOC_01316,3
DOC_01317,5
DOC_01318,3
DOC_01319,5
DOC_01320,4
DOC_01321,2
DOC_01322,5
DOC_01323,6
DOC_01324,3
DOC_01325,3
DOC_01326,7
DOC_01327,2
DOC_01328,3
DOC_01329,6
DOC_01330,2
DOC_01331,5
DOC_01332,6
DOC_01333,5
DOC_01334,4
DOC_01335,2
DOC_01336,7
DOC_01337,5
DOC_01338,5
DOC_01339,5
DOC_01340,2
DOC_01341,7
DOC_01342,6
DOC_01343,2
DOC_01344,2
DOC_01345,3
DOC_01346,6
DOC_01347,4
DOC_01348,3
DOC_01349,2
DOC_01350,2
DOC_01351,6
DOC_01352,4
DOC_01353,3
DOC_01354,5
DOC_01355,4
DOC_01356,3
DOC_01357,6
DOC_01358,5
DOC_01359,7
DOC_01360,7
DOC_01361,2
DOC_01362,3
DOC_01363,6
DOC_01364,3
DOC_01365,6
DOC_01366,3
DOC_01367,3
DOC_01368,5
DOC_01369,6
DOC_01370,6
DOC_01371,4
DOC_01372,5
DOC_01373,4
DOC_01374,7
DOC_01375,3
DOC_01376,4
DOC_01377,6
DOC_01378,6
DOC_01379,2
DOC_01380,6
DOC_01381,2
DOC_01382,2
DOC_01383,2
DOC_01384,4
DOC_01385,2
DOC_01386,2
DOC_01387,6
DOC_01388,5
DOC_01389,6
DOC_01390,2
DOC_01391,5
DOC_01392,5
DOC_01393,6
DOC_01394,0
DOC_01395,5
DOC_01396,6
DOC_01397,6
DOC_01398,5
DOC_01399,4
DOC_01400,2
DOC_01401,5
DOC_01402,3
DOC_01403,2
DOC_01404,6
DOC_01405,1
DOC_01406,3
DOC_01407,7
DOC_01408,0
DOC_01409,4
DOC_01410,2
DOC_01411,3
DOC_01412,6
DOC_01413,5
DOC_01414,2
DOC_01415,5
DOC_01416,3
DOC_01417,0
DOC_01418,3
DOC_01419,6
DOC_01420,4
DOC_01421,5
DOC_01422,5
DOC_01423,6
DOC_01424,7
DOC_01425,2
DOC_01426,2
DOC_01427,6
DOC_01428,6
DOC_01429,2
DOC_01430,4
DOC_01431,5
DOC_01432,4
DOC_01433,7
DOC_01434,7
DOC_01435,1
DOC_01436,4
DOC_01437,6
DOC_01438,6
DOC_01439,2
DOC_01440,2
DOC_01441,5
DOC_01442,2
DOC_01443,2
DOC_01444,3
DOC_01445,2
DOC_01446,6
DOC_01447,2
DOC_01448,2
DOC_01449,4
DOC_01450,2
DOC_01451,1
DOC_01452,5
DOC_01453,1
DOC_01454,5
DOC_01455,4
DOC_01456,7
DOC_01457,4
DOC_01458,2
DOC_01459,2
DOC_01460,7
DOC_01461,6
DOC_01462,4
DOC_01463,6
DOC_01464,2
DOC_01465,6
DOC_01466,5
DOC_01467,5
DOC_01468,2
DOC_01469,5
DOC_01470,1
DOC_01471,2
DOC_01472,2
DOC_01473,6
DOC_01474,4
DOC_01475,6
DOC_01476,7
DOC_01477,6
DOC_01478,4
DOC_01479,2
DOC_01480,6
DOC_01481,2
DOC_01482,6
DOC_01483,5
DOC_01484,3
DOC_01485,3
DOC_01486,2
DOC_01487,3
DOC_01488,6
DOC_01489,2
DOC_01490,6
DOC_01491,7
DOC_01492,5
DOC_01493,6
DOC_01494,5
DOC_01495,3
DOC_01496,6
DOC_01497,2
DOC_01498,6
DOC_01499,0
DOC_01500,2
DOC_01501,3
DOC_01502,5
DOC_01503,6
DOC_01504,5
DOC_01505,4
DOC_01506,2
DOC_01507,4
DOC_01508,2
DOC_01509,3
DOC_01510,4
DOC_01511,6
DOC_01512,2
DOC_01513,5
DOC_01514,2
DOC_01515,7
DOC_01516,2
DOC_01517,3
DOC_01518,6
DOC_01519,3
DOC_01520,7
DOC_01521,6
DOC_01522,6
DOC_01523,4
DOC_01524,4
DOC_01525,1
DOC_01526,6
DOC_01527,2
DOC_01528,7
DOC_01529,5
DOC_01530,7
DOC_01531,2
DOC_01532,4
DOC_01533,4
DOC_01534,2
DOC_01535,6
DOC_01536,4
DOC_01537,5
DOC_01538,4
DOC_01539,2
DOC_01540,5
DOC_01541,3
DOC_01542,7
DOC_01543,3
DOC_01544,6
DOC_01545,2
DOC_01546,4
DOC_01547,6
DOC_01548,2
DOC_01549,5
DOC_01550,5
DOC_01551,2
DOC_01552,2
DOC_01553,5
DOC_01554,4
DOC_01555,1
DOC_01556,5
DOC_01557,4
DOC_01558,6
DOC_01559,3
DOC_01560,3
DOC_01561,6
DOC_01562,2
DOC_01563,6
DOC_01564,7
DOC_01565,1
DOC_01566,2
DOC_01567,6
DOC_01568,3
DOC_01569,7
DOC_01570,7
DOC_01571,2
DOC_01572,3
DOC_01573,2
DOC_01574,6
DOC_01575,3
DOC_01576,3
DOC_01577,4
DOC_01578,2
DOC_01579,4
DOC_01580,2
DOC_01581,5
DOC_01582,4
DOC_01583,2
DOC_01584,4
DOC_01585,1
DOC_01586,3
DOC_01587,7
DOC_01588,6
DOC_01589,5
DOC_01590,6
DOC_01591,0
DOC_01592,3
DOC_01593,4
DOC_01594,2
DOC_01595,2
DOC_01596,4
DOC_01597,5
DOC_01598,2
DOC_01599,6
DOC_01600,4
DOC_01601,7
DOC_01602,6
DOC_01603,4
DOC_01604,6
DOC_01605,7
DOC_01606,7
DOC_01607,6
DOC_01608,4
DOC_01609,4
DOC_01610,5
DOC_01611,6
DOC_01612,3
DOC_01613,2
DOC_01614,5
DOC_01615,6
DOC_01616,4
DOC_01617,3
DOC_01618,3
DOC_01619,4
DOC_01620,4
DOC_01621,2
DOC_01622,5
DOC_01623,2
DOC_01624,3
DOC_01625,2
DOC_01626,7
DOC_01627,4
DOC_01628,2
DOC_01629,3
DOC_01630,3
DOC_01631,2
DOC_01632,4
DOC_01633,2
DOC_01634,7
DOC_01635,5
DOC_01636,2
DOC_01637,7
DOC_01638,5
DOC_01639,2
DOC_01640,5
DOC_01641,3
DOC_01642,5
DOC_01643,2
DOC_01644,4
DOC_01645,4
DOC_01646,2
DOC_01647,5
DOC_01648,4
DOC_01649,5
DOC_01650,1
DOC_01651,6
DOC_01652,7
DOC_01653,6
DOC_01654,5
DOC_01655,5
DOC_01656,2
DOC_01657,3
DOC_01658,4
DOC_01659,2
DOC_01660,3
DOC_01661,7
DOC_01662,5
DOC_01663,0
DOC_01664,2
DOC_01665,2
DOC_01666,5
DOC_01667,6
DOC_01668,2
DOC_01669,6
DOC_01670,7
DOC_01671,3
DOC_01672,2
DOC_01673,2
DOC_01674,4
DOC_01675,2
DOC_01676,4
DOC_01677,6
DOC_01678,4
DOC_01679,6
DOC_01680,6
DOC_01681,5
DOC_01682,2
DOC_01683,2
DOC_01684,4
DOC_01685,3
DOC_01686,3
DOC_01687,5
DOC_01688,2
DOC_01689,2
DOC_01690,0
DOC_01691,0
DOC_01692,3
DOC_01693,2
DOC_01694,7
DOC_01695,6
DOC_01696,2
DOC_01697,2
DOC_01698,1
DOC_01699,7
DOC_01700,4
DOC_01701,7
DOC_01702,3
DOC_01703,2
DOC_01704,2
DOC_01705,7
DOC_01706,2
DOC_01707,4
DOC_01708,6
DOC_01709,7
DOC_01710,7
DOC_01711,5
DOC_01712,4
DOC_01713,4
DOC_01714,5
DOC_01715,6
DOC_01716,2
DOC_01717,5
DOC_01718,3
DOC_01719,3
DOC_01720,2
DOC_01721,2
DOC_01722,3
DOC_01723,2
DOC_01724,5
DOC_01725,0
DOC_01726,7
DOC_01727,7
DOC_01728,2
DOC_01729,2
DOC_01730,7
DOC_01731,2
DOC_01732,7
DOC_01733,4
DOC_01734,3
DOC_01735,6
DOC_01736,2
DOC_01737,6
DOC_01738,6
DOC_01739,6
DOC_01740,2
DOC_01741,2
DOC_01742,7
DOC_01743,1
DOC_01744,6
DOC_01745,3
DOC_01746,3
DOC_01747,3
DOC_01748,5
DOC_01749,4
DOC_01750,2
DOC_01751,6
DOC_01752,1
DOC_01753,3
DOC_01754,5
DOC_01755,2
DOC_01756,4
DOC_01757,7
DOC_01758,2
DOC_01759,5
DOC_01760,5
DOC_01761,3
DOC_01762,7
DOC_01763,2
DOC_01764,4
DOC_01765,3
DOC_01766,3
DOC_01767,3
DOC_01768,7
DOC_01769,0
DOC_01770,7
DOC_01771,4
DOC_01772,7
DOC_01773,7
DOC_01774,7
DOC_01775,7
DOC_01776,7
DOC_01777,7
DOC_01778,3
DOC_01779,5
DOC_01780,0
DOC_01781,5
DOC_01782,2
DOC_01783,5
DOC_01784,5
DOC_01785,6
DOC_01786,2
DOC_01787,2
DOC_01788,4
DOC_01789,7
DOC_01790,3
DOC_01791,3
DOC_01792,3
DOC_01793,3
DOC_01794,6
DOC_01795,2
DOC_01796,6
DOC_01797,5
DOC_01798,6
DOC_01799,3
DOC_01800,4
DOC_01801,4
DOC_01802,7
DOC_01803,2
DOC_01804,6
DOC_01805,3
DOC_01806,2
DOC_01807,5
DOC_01808,1
DOC_01809,3
DOC_01810,7
DOC_01811,6
DOC_01812,5
DOC_01813,2
DOC_01814,4
DOC_01815,2
DOC_01816,4
DOC_01817,5
DOC_01818,2
DOC_01819,0
DOC_01820,5
DOC_01821,5
DOC_01822,6
DOC_01823,2
DOC_01824,2
DOC_01825,3
DOC_01826,7
DOC_01827,4
DOC_01828,7
DOC_01829,2
DOC_01830,4
DOC_01831,7
DOC_01832,2
DOC_01833,4
DOC_01834,0
DOC_01835,4
DOC_01836,5
DOC_01837,5
DOC_01838,6
DOC_01839,4
DOC_01840,5
DOC_01841,4
DOC_01842,2
DOC_01843,3
DOC_01844,3
DOC_01845,4
DOC_01846,4
DOC_01847,3
DOC_01848,4
DOC_01849,2
DOC_01850,7
DOC_01851,2
DOC_01852,4
DOC_01853,5
DOC_01854,3
DOC_01855,7
DOC_01856,3
DOC_01857,2
DOC_01858,5
DOC_01859,5
DOC_01860,6
DOC_01861,7
DOC_01862,6
DOC_01863,5
DOC_01864,7
DOC_01865,6
DOC_01866,6
DOC_01867,6
DOC_01868,7
DOC_01869,2
DOC_01870,4
DOC_01871,0
DOC_01872,6
DOC_01873,7
DOC_01874,2
DOC_01875,2
DOC_01876,6
DOC_01877,6
DOC_01878,2
DOC_01879,3
DOC_01880,3
DOC_01881,2
DOC_01882,4
DOC_01883,0
DOC_01884,5
DOC_01885,3
DOC_01886,5
DOC_01887,7
DOC_01888,2
DOC_01889,6
DOC_01890,6
DOC_01891,3
DOC_01892,4
DOC_01893,5
DOC_01894,4
DOC_01895,2
DOC_01896,2
DOC_01897,6
DOC_01898,4
DOC_01899,7
DOC_01900,5
DOC_01901,3
DOC_01902,1
DOC_01903,7
DOC_01904,7
DOC_01905,3
DOC_01906,7
DOC_01907,3
DOC_01908,2
DOC_01909,4
DOC_01910,7
DOC_01911,7
DOC_01912,4
DOC_01913,2
DOC_01914,4
DOC_01915,3
DOC_01916,7
DOC_01917,2
DOC_01918,7
DOC_01919,4
DOC_01920,4
DOC_01921,6
DOC_01922,3
DOC_01923,2
DOC_01924,7
DOC_01925,2
DOC_01926,5
DOC_01927,2
DOC_01928,1
DOC_01929,5
DOC_01930,2
DOC_01931,5
DOC_01932,3
DOC_01933,2
DOC_01934,6
DOC_01935,3
DOC_01936,4
DOC_01937,3
DOC_01938,6
DOC_01939,5
DOC_01940,0
DOC_01941,3
DOC_01942,5
DOC_01943,7
DOC_01944,5
DOC_01945,5
DOC_01946,2
DOC_01947,6
DOC_01948,4
DOC_01949,5
DOC_01950,2
DOC_01951,6
DOC_01952,2
DOC_01953,2
DOC_01954,4
DOC_01955,2
DOC_01956,5
DOC_01957,7
DOC_01958,0
DOC_01959,6
DOC_01960,6
DOC_01961,6
DOC_01962,4
DOC_01963,7
DOC_01964,4
DOC_01965,2
DOC_01966,7
DOC_01967,5
DOC_01968,7
DOC_01969,3
DOC_01970,3
DOC_01971,6
DOC_01972,4
DOC_01973,7
DOC_01974,7
DOC_01975,2
DOC_01976,5
DOC_01977,4
DOC_01978,3
DOC_01979,4
DOC_01980,5
DOC_01981,6
DOC_01982,2
DOC_01983,1
DOC_01984,2
DOC_01985,7
DOC_01986,3
DOC_01987,5
DOC_01988,3
DOC_01989,6
DOC_01990,2
DOC_01991,4
DOC_01992,2
DOC_01993,6
DOC_01994,2
DOC_01995,4
DOC_01996,2
DOC_01997,5
DOC_01998,7
DOC_01999,6
DOC_02000,2
DOC_02001,2
DOC_02002,2
DOC_02003,6
DOC_02004,4
DOC_02005,4
DOC_02006,4
DOC_02007,3
DOC_02008,2
DOC_02009,2
DOC_02010,6
DOC_02011,3
DOC_02012,4
DOC_02013,2
DOC_02014,6
DOC_02015,2
DOC_02016,2
DOC_02017,2
DOC_02018,2
DOC_02019,6
DOC_02020,3
DOC_02021,3
DOC_02022,2
DOC_02023,5
DOC_02024,6
DOC_02025,4
DOC_02026,6
DOC_02027,6
DOC_02028,5
DOC_02029,7
DOC_02030,2
DOC_02031,4
DOC_02032,7
DOC_02033,7
DOC_02034,1
DOC_02035,7
DOC_02036,5
DOC_02037,5
DOC_02038,2
DOC_02039,2
DOC_02040,3
DOC_02041,7
DOC_02042,6
DOC_02043,4
DOC_02044,0
DOC_02045,7
DOC_02046,3
DOC_02047,3
DOC_02048,0
DOC_02049,2
DOC_02050,1
DOC_02051,7
DOC_02052,4
DOC_02053,6
DOC_02054,0
DOC_02055,7
DOC_02056,6
DOC_02057,6
DOC_02058,5
DOC_02059,2
DOC_02060,6
DOC_02061,7
DOC_02062,5
DOC_02063,2
DOC_02064,6
DOC_02065,5
DOC_02066,2
DOC_02067,5
DOC_02068,2
DOC_02069,5
DOC_02070,4
DOC_02071,0
DOC_02072,7
DOC_02073,2
DOC_02074,2
DOC_02075,2
DOC_02076,6
DOC_02077,2
DOC_02078,7
DOC_02079,4
DOC_02080,2
DOC_02081,2
DOC_02082,5
DOC_02083,6
DOC_02084,2
DOC_02085,7
DOC_02086,2
DOC_02087,2
DOC_02088,2
DOC_02089,5
DOC_02090,2
DOC_02091,3
DOC_02092,5
DOC_02093,2
DOC_02094,2
DOC_02095,3
DOC_02096,7
DOC_02097,4
DOC_02098,4
DOC_02099,7
DOC_02100,4
DOC_02101,5
DOC_02102,6
DOC_02103,4
DOC_02104,0
DOC_02105,5
DOC_02106,6
DOC_02107,0
DOC_02108,7
DOC_02109,4
DOC_02110,2
DOC_02111,4
DOC_02112,2
DOC_02113,2
DOC_02114,2
DOC_02115,2
DOC_02116,3
DOC_02117,7
DOC_02118,1
DOC_02119,7
DOC_02120,2
DOC_02121,2
DOC_02122,6
DOC_02123,3
DOC_02124,4
DOC_02125,5
DOC_02126,4
DOC_02127,7
DOC_02128,3
DOC_02129,3
DOC_02130,0
DOC_02131,2
DOC_02132,7
DOC_02133,6
DOC_02134,6
DOC_02135,6
DOC_02136,3
DOC_02137,7
DOC_02138,5
DOC_02139,2
DOC_02140,1
DOC_02141,7
DOC_02142,6
DOC_02143,6
DOC_02144,7
DOC_02145,7
DOC_02146,4
DOC_02147,5
DOC_02148,5
DOC_02149,4
DOC_02150,0
DOC_02151,4
DOC_02152,2
DOC_02153,2
DOC_02154,7
DOC_02155,6
DOC_02156,7
DOC_02157,2
DOC_02158,2
DOC_02159,5
DOC_02160,5
DOC_02161,2
DOC_02162,2
DOC_02163,5
DOC_02164,7
